<service>
    <id>tb-coap-transport</id>
    <name>Thingsboard CoAP Transport Service</name>
    <description>${project.description}</description>
    <workingdirectory>%BASE%\conf</workingdirectory>
    <logpath>%BASE%\logs</logpath>
    <logmode>rotate</logmode>
    <env name="LOADER_PATH" value="%BASE%\conf" />
    <executable>java</executable>
    <startargument>-Xloggc:%BASE%\logs\gc.log</startargument>
    <startargument>-XX:+HeapDumpOnOutOfMemoryError</startargument>
    <startargument>-XX:+PrintGCDetails</startargument>
    <startargument>-XX:+PrintGCDateStamps</startargument>
    <startargument>-XX:+PrintHeapAtGC</startargument>
    <startargument>-XX:+PrintTenuringDistribution</startargument>
    <startargument>-XX:+PrintGCApplicationStoppedTime</startargument>
    <startargument>-XX:+UseGCLogFileRotation</startargument>
    <startargument>-XX:NumberOfGCLogFiles=10</startargument>
    <startargument>-XX:GCLogFileSize=10M</startargument>
    <startargument>-XX:-UseBiasedLocking</startargument>
    <startargument>-XX:+UseTLAB</startargument>
    <startargument>-XX:+ResizeTLAB</startargument>
    <startargument>-XX:+PerfDisableSharedMem</startargument>
    <startargument>-XX:+UseCondCardMark</startargument>
    <startargument>-XX:CMSWaitDuration=10000</startargument>
    <startargument>-XX:+UseParNewGC</startargument>
    <startargument>-XX:+UseConcMarkSweepGC</startargument>
    <startargument>-XX:+CMSParallelRemarkEnabled</startargument>
    <startargument>-XX:+CMSParallelInitialMarkEnabled</startargument>
    <startargument>-XX:+CMSEdenChunksRecordAlways</startargument>
    <startargument>-XX:CMSInitiatingOccupancyFraction=75</startargument>
    <startargument>-XX:+UseCMSInitiatingOccupancyOnly</startargument>
    <startargument>-jar</startargument>
    <startargument>%BASE%\lib\tb-coap-transport.jar</startargument>

</service>
